label,Id,image_type
daisy,1031799732_e7f4008c03,.jpg
daisy,10437770546_8bb6f7bdd3_m,.jpg
daisy,105806915_a9c13e2106_n,.jpg
daisy,10993710036_2033222c91,.jpg
daisy,12348343085_d4c396e5b5_m,.jpg
daisy,12891819633_e4c82b51e8,.jpg
daisy,1299501272_59d9da5510_n,.jpg
daisy,1355787476_32e9f2a30b,.jpg
daisy,13901930939_a7733c03f0_n,.jpg
daisy,14264136211_9531fbc144,.jpg
daisy,144099102_bf63a41e4f_n,.jpg
daisy,1441939151_b271408c8d_n,.jpg
daisy,14485782498_fb342ec301,.jpg
daisy,14554906452_35f066ffe9_n,.jpg
daisy,15306268004_4680ba95e1,.jpg
daisy,153210866_03cc9f2f36,.jpg
daisy,158869618_f1a6704236_n,.jpg
daisy,16020253176_60f2a6a5ca_n,.jpg
daisy,16121105382_b96251e506_m,.jpg
daisy,162362897_1d21b70621_m,.jpg
daisy,16401288243_36112bd52f_m,.jpg
daisy,17027891179_3edc08f4f6,.jpg
daisy,172882635_4cc7b86731_m,.jpg
daisy,19865728236_a62f8f445b_n,.jpg
daisy,2087343668_ef4fb95787_n,.jpg
daisy,21652746_cc379e0eea_m,.jpg
daisy,23095658544_7226386954_n,.jpg
daisy,2498632196_e47a472d5a,.jpg
daisy,2551708158_1f10e81e11,.jpg
daisy,2561352120_7961d8263f,.jpg
daisy,2619413565_61a6cd3ac9_m,.jpg
daisy,267148092_4bb874af58,.jpg
daisy,2889325612_f2fc403ff0_m,.jpg
daisy,3275951182_d27921af97_n,.jpg
daisy,3483303007_42e3f90da7,.jpg
daisy,3504430338_77d6a7fab4_n,.jpg
daisy,3552074420_2a0a7166db_m,.jpg
daisy,3639009391_0f910681b7,.jpg
daisy,3640845041_80a92c4205_n,.jpg
daisy,3703643767_dee82cdef9_n,.jpg
daisy,3780380240_ef9ec1b737_m,.jpg
daisy,4065883015_4bb6010cb7_n,.jpg
daisy,4222584034_8964cbd3de,.jpg
daisy,4258408909_b7cc92741c_m,.jpg
daisy,4286053334_a75541f20b_m,.jpg
daisy,4318007511_e9f4311936_n,.jpg
daisy,4540555191_3254dc4608_n,.jpg
daisy,4683997791_56e7d3c03c_n,.jpg
daisy,4746633946_23933c0810,.jpg
daisy,476857510_d2b30175de_n,.jpg
daisy,4814515275_6e25a6c18f,.jpg
daisy,4923279674_e7f8e70794_n,.jpg
daisy,506348009_9ecff8b6ef,.jpg
daisy,506493250_e9ca42fe3d,.jpg
daisy,5135131051_102d4878ca_n,.jpg
daisy,517054463_036db655a1_m,.jpg
daisy,534547364_3f6b7279d2_n,.jpg
daisy,5434914569_e9b982fde0_n,.jpg
daisy,5586977262_6b24412805_n,.jpg
daisy,5665838969_fe217988b9_m,.jpg
daisy,5794839_200acd910c_n,.jpg
daisy,5796562389_ae43c83317_m,.jpg
daisy,5973488341_50bdf6cee3_n,.jpg
daisy,5973491805_556bba93cc,.jpg
daisy,6480809573_76a0074b69_n,.jpg
daisy,6884975451_c74f445d69_m,.jpg
daisy,7133935763_82b17c8e1b_n,.jpg
daisy,7191221492_610035de7c_m,.jpg
daisy,7227973870_806d9d3e42_n,.jpg
daisy,7358085448_b317d11cd5,.jpg
daisy,7630511450_02d3292e90,.jpg
daisy,7790614422_4557928ab9_n,.jpg
daisy,8063844363_db3f4dea85,.jpg
daisy,813445367_187ecf080a_n,.jpg
daisy,8489463746_a9839bf7e4,.jpg
daisy,8616684075_71923bb771_n,.jpg
daisy,8681746439_d6beeefbf9,.jpg
daisy,8932490012_cc08e690ba_n,.jpg
daisy,9120905231_329598304e,.jpg
daisy,9242705328_eee8402a8d,.jpg
dandelion,1080179756_5f05350a59,.jpg
dandelion,138166590_47c6cb9dd0,.jpg
dandelion,13942846777_5571a6b0a1_n,.jpg
dandelion,13946048982_4e6ec56987,.jpg
dandelion,14048849371_ec9dbafaeb_m,.jpg
dandelion,14065420729_9b388bf7cb_m,.jpg
dandelion,14085038920_2ee4ce8a8d,.jpg
dandelion,14093744313_b66bc95072,.jpg
dandelion,141340262_ca2e576490,.jpg
dandelion,14185089716_2a48298d17,.jpg
dandelion,14199664556_188b37e51e,.jpg
dandelion,14292205986_da230467ef,.jpg
dandelion,1469549847_eac61a6802,.jpg
dandelion,14805304536_c321a7b061_n,.jpg
dandelion,14845607659_1be18c5d7f,.jpg
dandelion,151979452_9832f08b69,.jpg
dandelion,15219268336_f2460fca88_m,.jpg
dandelion,16096748028_7876887ab2,.jpg
dandelion,163702807_e508544acd_n,.jpg
dandelion,16713229021_bea2533981_n,.jpg
dandelion,17122969189_0ec37cb6c9,.jpg
dandelion,17346385582_7ba433dbbe,.jpg
dandelion,17821459748_873101edd0_m,.jpg
dandelion,18111636378_856027a7b8_n,.jpg
dandelion,18238604119_a5689980ee_n,.jpg
dandelion,18243351371_5fda92ac0a_n,.jpg
dandelion,18304194360_2a4a0be631_m,.jpg
dandelion,18999743619_cec3f39bee,.jpg
dandelion,19440910519_cb1162470e,.jpg
dandelion,19600096066_67dc941042,.jpg
dandelion,20754920332_53b995fc63_n,.jpg
dandelion,2116997627_30fed84e53_m,.jpg
dandelion,21657726011_2c94e341bc_n,.jpg
dandelion,2257649769_deaf97e2c9_n,.jpg
dandelion,2462379970_6bd5560f4c_m,.jpg
dandelion,2469856983_fe8e36ba57,.jpg
dandelion,2477986396_19da36d557_m,.jpg
dandelion,2521811279_1f7fc353bf_n,.jpg
dandelion,284497233_c19801752c,.jpg
dandelion,3149809654_6a4b31314d_n,.jpg
dandelion,3451646670_3eff7094b7_n,.jpg
dandelion,3483575184_cb8d16a083_n,.jpg
dandelion,3487229452_73e3004858,.jpg
dandelion,3554992110_81d8c9b0bd_m,.jpg
dandelion,3730618647_5725c692c3_m,.jpg
dandelion,4572738670_4787a11058_n,.jpg
dandelion,4574737576_044403a997_n,.jpg
dandelion,4632757134_40156d7d5b,.jpg
dandelion,4632863567_5f9af7de97_n,.jpg
dandelion,4691257171_23a29aaa33_n,.jpg
dandelion,4696437766_85952d0196,.jpg
dandelion,4858372040_52216eb0bd,.jpg
dandelion,493696003_f93ffb3abd_n,.jpg
dandelion,494108764_e00178af6e,.jpg
dandelion,506659320_6fac46551e,.jpg
dandelion,5110104894_a52c685516_n,.jpg
dandelion,5607256228_2294c201b3,.jpg
dandelion,5628515159_6b437ff1e5_n,.jpg
dandelion,5655177340_78fc36ce59_m,.jpg
dandelion,5725836812_a7d1c5540d_m,.jpg
dandelion,5767676943_4f9c7323f3_n,.jpg
dandelion,5776879272_95008399c3,.jpg
dandelion,5996421299_b9bf488c1a_n,.jpg
dandelion,6994938270_bf51d0fe63,.jpg
dandelion,7291185504_b740bbeba4_m,.jpg
dandelion,7295618968_c08a326cc1_m,.jpg
dandelion,7884440256_91c033732d,.jpg
dandelion,8079778274_f2a400f749_n,.jpg
dandelion,8181477_8cb77d2e0f_n,.jpg
dandelion,8223968_6b51555d2f_n,.jpg
dandelion,8497389500_45636fdd14,.jpg
dandelion,8663932737_0a603ab718_n,.jpg
dandelion,8681388520_c697dee897_n,.jpg
dandelion,8719032054_9a3ce4f0ff,.jpg
dandelion,8738317694_eca2ce3bfc_n,.jpg
dandelion,8831808134_315aedb37b,.jpg
dandelion,8935456132_8dc4d3b679_n,.jpg
dandelion,8978962053_0727b41d26,.jpg
dandelion,9029756865_db8891807a_n,.jpg
dandelion,9262004825_710346cde9_n,.jpg
roses,10503217854_e66a804309,.jpg
roses,11102341464_508d558dfc_n,.jpg
roses,11694025703_9a906fedc1_n,.jpg
roses,12165480946_c4a3fe182d_n,.jpg
roses,12406418663_af20dc225f_n,.jpg
roses,12450781274_eb78723921,.jpg
roses,13231224664_4af5293a37,.jpg
roses,14145188939_b4de638bd3_n,.jpg
roses,14414100710_753a36fce9,.jpg
roses,14597445311_8acb60247e,.jpg
roses,14970973709_968910640e_n,.jpg
roses,15061894841_e5aca59ecd_n,.jpg
roses,15222804561_0fde5eb4ae_n,.jpg
roses,15236835789_6009b8f33d,.jpg
roses,1540738662_7b4152e344_m,.jpg
roses,15509799653_0562d4a4fa,.jpg
roses,15820572326_be2ea4a55c_n,.jpg
roses,15977362155_461030c196_m,.jpg
roses,16018886851_c32746cb72,.jpg
roses,16545641666_2781e542a0_m,.jpg
roses,16643944275_3cd4cd966c,.jpg
roses,17051448596_69348f7fce_m,.jpg
roses,17302463621_d82be11f01_n,.jpg
roses,17305246720_1866d6303b,.jpg
roses,1756973583_4aac7df00d_m,.jpg
roses,1757822526_fe30b9b3ca_m,.jpg
roses,17702388233_f29dc14834_m,.jpg
roses,1793211631_68c31a74dc,.jpg
roses,18741313803_1bbf842fc6_n,.jpg
roses,2059172936_032ffc12aa,.jpg
roses,2065522422_cfdd80044a_n,.jpg
roses,2093263381_afd51358a3,.jpg
roses,2183357362_4b4da4b6b5,.jpg
roses,2331651885_619653a5d3,.jpg
roses,23891005905_17ce9e6936,.jpg
roses,2535466393_6556afeb2f_m,.jpg
roses,2550860627_998a4fc4c1,.jpg
roses,2892056920_918c52889b_m,.jpg
roses,2951375433_ae2726d9d2_m,.jpg
roses,295257304_de893fc94d,.jpg
roses,3074406590_91c697c805_n,.jpg
roses,3109712111_75cea2dee6,.jpg
roses,3208417632_19138d8e35_n,.jpg
roses,3560426426_1c66cb8330,.jpg
roses,3663244576_97f595cf4a,.jpg
roses,3697780051_83e50a6dd1_m,.jpg
roses,3713368809_eba7fa2fbf_m,.jpg
roses,3829990289_c0c3821e4d_m,.jpg
roses,3921794817_276eb4386b,.jpg
roses,4061451210_1650590c6a,.jpg
roses,4065283966_9504b98269,.jpg
roses,4325834819_ab56661dcc_m,.jpg
roses,4413509121_a62879598a,.jpg
roses,4644336779_acd973528c,.jpg
roses,4684127262_6c3346188d,.jpg
roses,4998708839_c53ee536a8_n,.jpg
roses,5061135742_2870a7b691_n,.jpg
roses,5089363428_2c5a1272ea,.jpg
roses,515121050_dcb99890be,.jpg
roses,5159317458_bbb22e2f65_n,.jpg
roses,5497730366_44d758d8f5,.jpg
roses,5731750490_ba3325b7ee_n,.jpg
roses,5799616059_0ffda02e54,.jpg
roses,5979193298_639e877248,.jpg
roses,6053143173_991c011b23,.jpg
roses,6125332325_b768e08bd9_n,.jpg
roses,6255593451_b8a3aa8f7a_m,.jpg
roses,6676529655_9672b6f955_m,.jpg
roses,6690926183_afedba9f15_n,.jpg
roses,6732261031_861a1026fa_n,.jpg
roses,6783408274_974796e92f,.jpg
roses,6936225976_a91b60d8c2_m,.jpg
roses,7316409504_7cf3707f8a_m,.jpg
roses,7376471712_e1be793f94,.jpg
roses,7551637034_55ae047756_n,.jpg
roses,8035908422_87220425d2_n,.jpg
roses,8035910225_125beceb98_n,.jpg
roses,8667101118_87ea757b15,.jpg
roses,921138131_9e1393eb2b_m,.jpg
roses,9433167170_fa056d3175,.jpg
sunflowers,10386540696_0a95ee53a8_n,.jpg
sunflowers,1244774242_25a20d99a9,.jpg
sunflowers,1314584013_fe935fdeb1_n,.jpg
sunflowers,14121915990_4b76718077_m,.jpg
sunflowers,14397276020_49f9423614,.jpg
sunflowers,14460075029_5cd715bb72_m,.jpg
sunflowers,14472246629_72373111e6_m,.jpg
sunflowers,14741813010_5d44e33088_n,.jpg
sunflowers,14741866338_bdc8bfc8d5_n,.jpg
sunflowers,14925397761_46ecfa24e0,.jpg
sunflowers,14925398301_55a180f919_n,.jpg
sunflowers,14932787983_d6e05f2434_m,.jpg
sunflowers,15054752730_fcf54d475e_m,.jpg
sunflowers,15118243470_7e0a7f159c_n,.jpg
sunflowers,15122112402_cafa41934f,.jpg
sunflowers,151898652_b5f1c70b98_n,.jpg
sunflowers,15241052342_466b38b68d,.jpg
sunflowers,18097401209_910a46fae1_n,.jpg
sunflowers,18237215308_a158d49f28_n,.jpg
sunflowers,184682920_97ae41ce60_m,.jpg
sunflowers,18843967474_9cb552716b,.jpg
sunflowers,193878348_43571127b9_n,.jpg
sunflowers,200557983_10a88672fc,.jpg
sunflowers,20972862281_5367f4af88,.jpg
sunflowers,22419079265_8902cddb7d_n,.jpg
sunflowers,22478719251_276cb094f9_n,.jpg
sunflowers,23894449029_bf0f34d35d_n,.jpg
sunflowers,24459548_27a783feda,.jpg
sunflowers,2588234269_c4bfd0d8b9_n,.jpg
sunflowers,26254755_1bfc494ef1_n,.jpg
sunflowers,2706736074_b0fba20b3e,.jpg
sunflowers,2723995667_31f32294b4,.jpg
sunflowers,3334350831_f8755a2095_n,.jpg
sunflowers,3665455426_9cd1c3af4a_n,.jpg
sunflowers,3840761441_7c648abf4d_n,.jpg
sunflowers,40411019_526f3fc8d9_m,.jpg
sunflowers,40411100_7fbe10ec0f_n,.jpg
sunflowers,417251603_69f0ee57a9_m,.jpg
sunflowers,4414080766_5116e8084e,.jpg
sunflowers,4814106562_7c3564d2d9_n,.jpg
sunflowers,4816636411_0135bfe2c9_n,.jpg
sunflowers,4848279231_c4960e28b2_n,.jpg
sunflowers,4871455214_8b5fb87ab6_n,.jpg
sunflowers,4872892690_52dc25b0b4,.jpg
sunflowers,4877195645_791c3a83b9_m,.jpg
sunflowers,4895124535_11a2bb704c_m,.jpg
sunflowers,4895718876_0246882882_n,.jpg
sunflowers,4927658421_7eed83bc95_m,.jpg
sunflowers,4932144003_cbffc89bf0,.jpg
sunflowers,4933822272_79af205b94,.jpg
sunflowers,4933823922_911ac40b0d,.jpg
sunflowers,5015462205_440898fe41_n,.jpg
sunflowers,5018120483_cc0421b176_m,.jpg
sunflowers,5043409856_395300dbe5_m,.jpg
sunflowers,5076821914_c21b58fd4c_m,.jpg
sunflowers,5139969871_c9046bdaa7_n,.jpg
sunflowers,5139977423_d413b23fde_m,.jpg
sunflowers,5139977579_ea2dd6a322_m,.jpg
sunflowers,5437996076_cf7e2ac32e_n,.jpg
sunflowers,5830614551_e460a1215c,.jpg
sunflowers,5951665793_8ae4807cbd_n,.jpg
sunflowers,5955475577_3d923874d9_n,.jpg
sunflowers,5955501969_e42f038a6f_n,.jpg
sunflowers,5994572653_ea98afa3af_n,.jpg
sunflowers,5995136822_8e1eed76f5_n,.jpg
sunflowers,6116210027_61923f4b64,.jpg
sunflowers,6125761554_4e72819ce4_m,.jpg
sunflowers,6606746467_a668c8d417,.jpg
sunflowers,6606823367_e89dc52a95_n,.jpg
sunflowers,7369484298_332f69bd88_n,.jpg
sunflowers,7530313068_ddd2dc1f44_m,.jpg
sunflowers,7586498522_4dcab1c8d2_m,.jpg
sunflowers,8081530919_c882d46bb0_n,.jpg
sunflowers,8249000137_eddfffa380_n,.jpg
sunflowers,8480886751_71d88bfdc0_n,.jpg
sunflowers,9216286162_6ceefdd1b4_m,.jpg
sunflowers,9375675309_987d32f99e_n,.jpg
sunflowers,9485002920_59af6f4cac,.jpg
sunflowers,9511172241_8aee411e2e,.jpg
sunflowers,9599534035_ae4df582b6,.jpg
tulips,100930342_92e8746431_n,.jpg
tulips,10094731133_94a942463c,.jpg
tulips,10164073235_f29931d91e,.jpg
tulips,11746080_963537acdc,.jpg
tulips,11746548_26b3256922_n,.jpg
tulips,12024561754_ce9667e4dc_n,.jpg
tulips,13472141763_f2517e7f0d,.jpg
tulips,13509973805_bda5fa8982,.jpg
tulips,13513851673_9d813dc7b0,.jpg
tulips,13514131694_d91da4f4fc,.jpg
tulips,13531007054_c88deaf302_n,.jpg
tulips,13542672763_20c3cb9272,.jpg
tulips,13903937027_44b9f2f5b8,.jpg
tulips,13903988248_22da33f341,.jpg
tulips,13910126337_53faf1d214_n,.jpg
tulips,13910479407_936fd3122d,.jpg
tulips,13910604778_e5f4588420,.jpg
tulips,13956300996_07e64a3dbd_n,.jpg
tulips,13976522214_ccec508fe7,.jpg
tulips,14064735842_a946fba1ef_n,.jpg
tulips,14078067843_3573fcfc85_n,.jpg
tulips,14093565032_a8f1e349d1,.jpg
tulips,14097111174_87a2e7e0c7_n,.jpg
tulips,14110616533_e04775e7b1,.jpg
tulips,14487705209_ea723109e1_m,.jpg
tulips,15458787091_3edc6cd1eb,.jpg
tulips,155097272_70feb13184,.jpg
tulips,16139439153_fbdee29a10_n,.jpg
tulips,16265883604_92be82b973,.jpg
tulips,16283125269_4cfae953f1,.jpg
tulips,164578909_51f245d3fa_n,.jpg
tulips,16471277547_a0a5509377_n,.jpg
tulips,16594995743_ce72c61201_n,.jpg
tulips,16680927427_07ca6e4552_n,.jpg
tulips,16680930777_7e7f292fc5_n,.jpg
tulips,16732302779_8aa56f255d_n,.jpg
tulips,16930105456_8b826dc4a8_n,.jpg
tulips,17907238905_1ae121f8d9_m,.jpg
tulips,2481015475_b71a12917d,.jpg
tulips,3150964108_24dbec4b23_m,.jpg
tulips,3404038663_f62cf8eba3_n,.jpg
tulips,3510799169_0ed6ae9669_n,.jpg
tulips,4521496161_2b41d4182e,.jpg
tulips,4565139594_b28d260cb9,.jpg
tulips,483880052_19fdb26a9f,.jpg
tulips,485266837_671def8627,.jpg
tulips,495094547_fd2d999c44,.jpg
tulips,5430796647_f21b7b0fea,.jpg
tulips,5524946579_307dc74476,.jpg
tulips,5665708521_799585d229_n,.jpg
tulips,5674132053_b40a7d32ca,.jpg
tulips,5674134129_2db5136cba,.jpg
tulips,5674167473_ac696c8989_n,.jpg
tulips,5674704952_9bd225ed9e_n,.jpg
tulips,6982913043_3b873c6a25,.jpg
tulips,7068715863_a534ac7884_n,.jpg
tulips,7144016605_e159b6c06b_m,.jpg
tulips,7166539842_43b7e02883,.jpg
tulips,7177682195_c29265748d_n,.jpg
tulips,7266196114_c2a736a15a_m,.jpg
tulips,7447655334_e8f805ab95_m,.jpg
tulips,7806320016_fcddfc1f8f_n,.jpg
tulips,8454719295_4276c0e9c5_n,.jpg
tulips,8484905084_6a18c62b13_m,.jpg
tulips,8520488975_a50d377f91,.jpg
tulips,8605564823_7a59d3d92a,.jpg
tulips,8681825637_837a63513a_n,.jpg
tulips,8687675254_c93f50d8b0_m,.jpg
tulips,8697784345_e75913d220,.jpg
tulips,8710148289_6fc196a0f8_n,.jpg
tulips,8712267391_c756f18ee7_n,.jpg
tulips,8712269349_2b933da2b8_n,.jpg
tulips,8713396140_5af8136136,.jpg
tulips,8713398906_28e59a225a_n,.jpg
tulips,8762189906_8223cef62f,.jpg
tulips,8838983024_5c1a767878_n,.jpg
tulips,8904780994_8867d64155_n,.jpg
tulips,9030467406_05e93ff171_n,.jpg
tulips,9048307967_40a164a459_m,.jpg
tulips,9947385346_3a8cacea02_n,.jpg
